<!--

    Copyright (C) 2009-2023 SAP SE or an SAP affiliate company. All rights reserved.

-->
<core:FragmentDefinition xmlns="sap.m" xmlns:core="sap.ui.core" xmlns:layout="sap.ui.layout" xmlns:smartField="sap.ui.comp.smartfield"
	xmlns:uxap="sap.uxap" xmlns:microchart="sap.suite.ui.microchart" controllerName="s2p.mm.pur.qtn.compares1.controller.Compare">
	<VBox id="SupplierQuotationItemHeadConainer">
		<ObjectHeader id="SupplierQuotationItemHeaderObjectHeader" class="sapUxAPObjectPageHeaderContent" backgroundDesign="Translucent"/>
		<uxap:ObjectPageHeaderContent id="supplierQuotationItemHeaderObjectHeaderContent">
			<uxap:content>
				<VBox id="supplierQuotationItemHeadeDataBox" class="sapUiLargeMarginBegin">
					<layout:VerticalLayout id="requestedQuantityLayout" class="sapUiTinyMarginTop sapUiSmallMarginBottom">
						<layout:layoutData>
							<uxap:ObjectPageHeaderLayoutData id="requestedQuantityLayoutData" showSeparatorAfter="false"/>
						</layout:layoutData>
						<smartField:SmartLabel id="requestedQuantityLabel" labelFor="RequestedQuantity"/>
						<smartField:SmartField id="RequestedQuantity" value="{RequestedQuantity}"/>
					
					</layout:VerticalLayout>
					<layout:VerticalLayout id="totalAwardedQuantityLayout">
						<layout:layoutData>
							<uxap:ObjectPageHeaderLayoutData id="totalAwardedQuantityLayoutData" showSeparatorAfter="false"/>
						</layout:layoutData>
						<Label id="totalAwardedQuantityLabel" text="{i18n>totalAwardedQuantity}"/>
						<ProgressIndicator id="SelectedRequestRationIndicator"/>
					</layout:VerticalLayout>
					<layout:VerticalLayout id="awardedNetValueLayout">
						<layout:layoutData>
							<uxap:ObjectPageHeaderLayoutData id="awardedNetValueLayoutData" showSeparatorAfter="false"/>
						</layout:layoutData>
						<Label id="awardedNetValueLabel" text="{i18n>awardedNetValue}"/>
						<ObjectNumber id="AwardedNetValue" emphasized="true" number="0" unit="{DocumentCurrency}"/>
					</layout:VerticalLayout>
					
					<layout:VerticalLayout id="idspaceLayout">
						<layout:layoutData>
							<uxap:ObjectPageHeaderLayoutData id="idspaceLayoutData" showSeparatorAfter="false"/>
						</layout:layoutData>
						<!--<Label id="idspaceLayoutDataLabel" text=" "/>-->
						<!--<Text id="emptyText1"/>-->
					</layout:VerticalLayout>
					
					
					
					
					<layout:VerticalLayout id="idNetprLayout">
						<layout:layoutData>
							<uxap:ObjectPageHeaderLayoutData id="idNetprLayoutData" showSeparatorAfter="false"/>
						</layout:layoutData>
						<Label id="idNetprLabel" text="Net Price"/>
						<Text id="idNetpr" text="{ZZ_NETPR}"/>
					</layout:VerticalLayout>
					<layout:VerticalLayout id="idCdateLayout">
						<layout:layoutData>
							<uxap:ObjectPageHeaderLayoutData id="idCdateLayoutData" showSeparatorAfter="false"/>
						</layout:layoutData>
						<Label id="idCdateLabel" text="Creation Date"/>
						<!--<Text id="idNetpr2" text="{ZZ_NETPR}"/>-->
						<!--<Text id="idCdate" text="{ path: 'ZZ_CREATIONDATE', type: 'sap.ui.model.type.Date', formatOptions: { style: 'short', source: { pattern: 'yyyy-MM-dd' } } }"/>-->
							<!--<Label id="idCdate" text="{/#C_RequestForQuotationCompare/QuotationLatestSubmissionDate/@sap:label}"/>-->
							<Text id="idCdateText" text="{ path: 'ZZ_CREATIONDATE', type: 'sap.ui.model.type.Date', formatOptions: { style: 'short', source: { pattern: 'yyyy-MM-dd' } } }"/>
					</layout:VerticalLayout>
					<layout:VerticalLayout id="emptyLayout" class="sapUiLargeMarginTop">
						<layout:layoutData>
							<uxap:ObjectPageHeaderLayoutData id="emptyLayoutData" showSeparatorAfter="false"/>
						</layout:layoutData>
						<Text id="emptyText2"/>
					</layout:VerticalLayout>
				</VBox>
			</uxap:content>
		</uxap:ObjectPageHeaderContent>
	</VBox>
</core:FragmentDefinition>