<!--

    Copyright (C) 2009-2023 SAP SE or an SAP affiliate company. All rights reserved.

-->
<core:FragmentDefinition xmlns="sap.m" xmlns:core="sap.ui.core" xmlns:smartField="sap.ui.comp.smartfield"
	xmlns:smartTable="sap.ui.comp.smarttable" xmlns:uxap="sap.uxap" xmlns:layout="sap.ui.layout"
	controllerName="s2p.mm.pur.qtn.compares1.controller.Compare">
	<VBox id="SupplierQuotationItemContainer">
		<ObjectHeader id="SupplierQuotationItemObjectHeader" class="sapUxAPObjectPageHeaderContent" title="{Material}" number="{NetPriceAmount}" numberUnit="{DocumentCurrency}"
			numberState="Error">
		</ObjectHeader>
		<VBox id="supplierQuotationItemDataBox" class="sapUiLargeMarginBegin">
			<layout:VerticalLayout id="quotationQuantityLayout" class="sapUiSmallMarginBottom">
				<layout:layoutData>
					<uxap:ObjectPageHeaderLayoutData id="quotationQuantityLayoutData" showSeparatorAfter="false"/>
				</layout:layoutData>
				<smartField:SmartLabel id="quotationQuantityLabel" labelFor="QuotationQuantity"/>
				<smartField:SmartField id="QuotationQuantity" value="{QuotationQuantity}"/>
			</layout:VerticalLayout>
			<layout:VerticalLayout id="netAmountLayout" class="sapUiSmallMarginBottom">
				<layout:layoutData>
					<uxap:ObjectPageHeaderLayoutData id="netAmountLayoutData" showSeparatorAfter="false"/>
				</layout:layoutData>
				<smartField:SmartLabel id="netAmountLabel" labelFor="NetAmount"/>
				<smartField:SmartField id="NetAmount" value="{NetAmount}"/>
			</layout:VerticalLayout>
			<layout:VerticalLayout id="scheduleLineDeliveryDateLayout" class="sapUiSmallMarginBottom">
				<layout:layoutData>
					<uxap:ObjectPageHeaderLayoutData id="ScheduleLineDeliveryDateLayoutData" showSeparatorAfter="false"/>
				</layout:layoutData>
				<smartField:SmartLabel id="scheduleLineDeliveryDateLabel" labelFor="ScheduleLineDeliveryDate"/>
				<smartField:SmartField id="ScheduleLineDeliveryDate" value="{ScheduleLineDeliveryDate}"/>
			</layout:VerticalLayout>
			<!--<Text text="Test Text!" />-->
		</VBox>
		<VBox id="AwardInputContainer" class="sapUiLargeMarginBegin sapUiMediumMarginEnd sapUiSmallMarginTop">
			<ObjectStatus id="awardedQuantityObjectStatus" text="{/#C_SupplierQuotationItemCompare/AwardedQuantity/@sap:label}"/>
			<HBox id="AwardInputButtonContainer" width="100%">
				<VBox id="AwardInput" width="50%">
					<smartField:SmartField id="AwardedQuantity" value="{AwardedQuantity}" editable="{= ${behaviorModel>/isDraft}}" enabled="{= ${behaviorModel>/isDraft}}" change="onChangeAwardedQuantity" class="sapUiSmallMarginBottom"
						valueStateText="{i18n>quantityIsToHigh}"/>
				</VBox>
				<VBox id="selectAllButtonBox" width="50%" alignItems="End">
					<Button id="buttonSelectAllPos" text="{i18n>selectAll}" enabled="{= ${behaviorModel>/isDraft}}" type="Default" press="onSelectAllItemsOfPosition" class="sapUiSmallMarginBegin"/>
				</VBox>
			</HBox>
		</VBox>
	</VBox>
</core:FragmentDefinition>